name,testers,averageRating,rankingStDev,mapLink
Silverquill Pledgemage,1,3.0,0.0,/resources/cube-map/?cube=jvu
Teach by Example,1,3.0,0.0,/resources/cube-map/?cube=jvu
Prismari Pledgemage,1,3.0,0.0,/resources/cube-map/?cube=jvu
Elemental Summoning,1,3.0,0.0,/resources/cube-map/?cube=jvu
Rise of Extus,1,3.0,0.0,/resources/cube-map/?cube=jvu
Mortality Spear,3,3.0,0.0,/resources/cube-map/?cube=1so&cube=uaf
Lorehold Pledgemage,1,3.0,0.0,/resources/cube-map/?cube=jvu
Inkling Summoning,2,2.75,0.25,/resources/cube-map/?cube=jvu&cube=1hs
Shineshadow Snarl,4,2.525,0.4763139720814412,/resources/cube-map/?cube=7u&cube=1vv&cube=hm4&cube=uaf
Abundant Harvest,57,2.519298245614035,0.43867367741873925,/resources/cube-map/?cube=bsk&cube=yn4&cube=jq&cube=5ar&cube=j9&cube=v3v&cube=5xj&cube=4ij&cube=9&cube=t7&cube=gll&cube=8n&cube=7yk&cube=74x&cube=wf&cube=di1&cube=kq&cube=k4a&cube=1vv&cube=b8&cube=hm4&cube=l9i&cube=riz&cube=1su&cube=92t&cube=2lp&cube=2le&cube=sps&cube=m78&cube=7c&cube=um4&cube=vc&cube=85d&cube=196&cube=18x&cube=qlo&cube=5nq&cube=bt&cube=1mk&cube=me&cube=1s&cube=1bh&cube=78g&cube=5w9&cube=6f
Eureka Moment,2,2.5,0.0,/resources/cube-map/?cube=kk7
Reduce to Memory,1,2.5,0.0,/resources/cube-map/?cube=1hs
Strixhaven Stadium,2,2.5,0.5,/resources/cube-map/?cube=j15
Elemental Expressionist,2,2.5,0.5,/resources/cube-map/?cube=jvu
Furycalm Snarl,4,2.5,0.5,/resources/cube-map/?cube=7u&cube=1vv&cube=hm4&cube=uaf
Lorehold Excavation,2,2.5,0.5,/resources/cube-map/?cube=uaf
Spirit Summoning,2,2.5,0.5,/resources/cube-map/?cube=jvu&cube=1hs
Excavated Wall,1,2.5,0.0,/resources/cube-map/?cube=8am
Academic Probation,1,2.5,0.0,/resources/cube-map/?cube=1hs
Vineglimmer Snarl,4,2.475,0.5261891294962296,/resources/cube-map/?cube=7u&cube=1vv&cube=hm4&cube=uaf
Necroblossom Snarl,4,2.475,0.5261891294962296,/resources/cube-map/?cube=7u&cube=1vv&cube=hm4&cube=uaf
Tempted by the Oriq,4,2.45,0.6184658438426491,/resources/cube-map/?cube=j9&cube=f47&cube=b8
Elite Spellbinder,139,2.410071942446043,0.4358560524088276,/resources/cube-map/?cube=bsk&cube=yn4&cube=jq&cube=5ar&cube=yo0&cube=djg&cube=j9&cube=v3v&cube=1g&cube=6rc&cube=4ij&cube=uzu&cube=t7&cube=gll&cube=4qw&cube=1w1&cube=1ou&cube=gf7&cube=8dt&cube=7x&cube=7yt&cube=95m&cube=rpx&cube=8n&cube=wt5&cube=3am&cube=7yk&cube=1so&cube=74x&cube=amh&cube=91q&cube=t1i&cube=di1&cube=2ag&cube=1uy&cube=k4a&cube=1vv&cube=4gr&cube=k8&cube=hm4&cube=l9i&cube=kap&cube=1zl&cube=riz&cube=2lp&cube=2le&cube=kk7&cube=uaf&cube=sps&cube=m78&cube=69&cube=7b&cube=1b0&cube=6t1&cube=lf&cube=7c&cube=7g&cube=1qx&cube=k5a&cube=um4&cube=85d&cube=9s&cube=196&cube=bq7&cube=25y&cube=6ul&cube=9od&cube=ju&cube=18x&cube=1hs&cube=qlo&cube=bir&cube=1uj&cube=5nq&cube=uxz&cube=bt&cube=24c&cube=1mk&cube=bw0&cube=mc&cube=1s&cube=q8&cube=dre&cube=gi7&cube=og8&cube=qk2&cube=6r2&cube=opp&cube=2b1&cube=1bh&cube=78g&cube=160&cube=6f
"Killian, Ink Duelist",11,2.409090909090909,0.5160242162297591,/resources/cube-map/?cube=yo0&cube=t7&cube=wt5&cube=1so&cube=m78&cube=or&cube=u86&cube=1hs
Prismari Command,130,2.4007692307692303,0.45140739809317953,/resources/cube-map/?cube=bsk&cube=yn4&cube=jq&cube=yo0&cube=djg&cube=j9&cube=v3v&cube=5xj&cube=nw&cube=1g&cube=4ij&cube=9&cube=baq&cube=lv1&cube=pn9&cube=t7&cube=gll&cube=4qw&cube=1w1&cube=wov&cube=gf7&cube=mi&cube=8dt&cube=2cf&cube=7x&cube=7yt&cube=95m&cube=rpx&cube=8n&cube=3am&cube=7yk&cube=74x&cube=91q&cube=f47&cube=wf&cube=t1i&cube=1uy&cube=kq&cube=k4a&cube=b8&cube=k8&cube=413&cube=hm4&cube=l9i&cube=kap&cube=c4p&cube=1zl&cube=riz&cube=1su&cube=92t&cube=m78&cube=7b&cube=1b0&cube=6t1&cube=7c&cube=or&cube=1qx&cube=um4&cube=vc&cube=85d&cube=6si&cube=9s&cube=196&cube=bq7&cube=hy2&cube=ju&cube=18x&cube=19s&cube=bir&cube=3ou&cube=1uj&cube=5nq&cube=uxz&cube=24c&cube=bw0&cube=dhi&cube=mc&cube=me&cube=cux&cube=1s&cube=2j0&cube=q8&cube=dre&cube=qk2&cube=6r2&cube=opp&cube=78g&cube=6f
Witherbloom Pledgemage,2,2.4,0.6,/resources/cube-map/?cube=jvu
Prismari Campus,2,2.4,0.3999999999999999,/resources/cube-map/?cube=3gh
Thrilling Discovery,2,2.4,0.6,/resources/cube-map/?cube=uaf
Vanishing Verse,86,2.3813953488372084,0.5713125703164796,/resources/cube-map/?cube=ckt&cube=bsk&cube=yo0&cube=djg&cube=j9&cube=v3v&cube=nw&cube=1g&cube=6rc&cube=9&cube=baq&cube=uzu&cube=t7&cube=gll&cube=4qw&cube=wov&cube=1ou&cube=8dt&cube=7yt&cube=rpx&cube=wt5&cube=3am&cube=7yk&cube=74x&cube=91q&cube=t1i&cube=2ag&cube=1uy&cube=k4a&cube=b8&cube=413&cube=hm4&cube=l9i&cube=kap&cube=1zl&cube=riz&cube=1su&cube=uaf&cube=1b0&cube=6t1&cube=7c&cube=7g&cube=k5a&cube=um4&cube=ljv&cube=vc&cube=25y&cube=9od&cube=ju&cube=18x&cube=1hs&cube=bir&cube=1uj&cube=5nq&cube=bt&cube=24c&cube=dre&cube=6r2&cube=opp&cube=1bh&cube=78g&cube=6f
Draconic Intervention,4,2.375,0.44930501889028573,/resources/cube-map/?cube=wt5&cube=c4p&cube=uaf&cube=m78
Manifestation Sage,5,2.3600000000000003,0.4223742416388575,/resources/cube-map/?cube=uzu&cube=jvu&cube=7g
Rip Apart,105,2.358095238095238,0.4766512056861768,/resources/cube-map/?cube=bsk&cube=yo0&cube=djg&cube=j9&cube=v3v&cube=5xj&cube=nw&cube=9&cube=baq&cube=uzu&cube=lv1&cube=pn9&cube=t7&cube=gll&cube=4qw&cube=wov&cube=1ou&cube=gf7&cube=mi&cube=8dt&cube=2cf&cube=7yt&cube=sc3&cube=rpx&cube=8n&cube=3am&cube=7yk&cube=74x&cube=amh&cube=wf&cube=t1i&cube=2ag&cube=1uy&cube=k4a&cube=1vv&cube=b8&cube=k8&cube=413&cube=l9i&cube=1zl&cube=riz&cube=1su&cube=92t&cube=uaf&cube=sps&cube=7b&cube=1b0&cube=lf&cube=7g&cube=k5a&cube=um4&cube=vc&cube=85d&cube=6ul&cube=9od&cube=ju&cube=18x&cube=19s&cube=qlo&cube=bir&cube=1uj&cube=5nq&cube=uxz&cube=bt&cube=dhi&cube=mc&cube=me&cube=cux&cube=2j0&cube=dre&cube=qk2&cube=opp&cube=1bh&cube=78g&cube=6f
Baleful Mastery,120,2.355833333333334,0.5087232111429119,/resources/cube-map/?cube=bsk&cube=yn4&cube=yo0&cube=djg&cube=v3v&cube=1g&cube=6rc&cube=4ij&cube=uzu&cube=lv1&cube=t7&cube=gll&cube=4qw&cube=1w1&cube=gf7&cube=mi&cube=7yt&cube=sc3&cube=95m&cube=rpx&cube=8n&cube=3am&cube=7yk&cube=91q&cube=f47&cube=wf&cube=t1i&cube=di1&cube=2ag&cube=1uy&cube=k4a&cube=1vv&cube=413&cube=l9i&cube=kap&cube=c4p&cube=1zl&cube=riz&cube=1su&cube=92t&cube=uaf&cube=sps&cube=m78&cube=69&cube=7b&cube=1b0&cube=6t1&cube=lf&cube=7c&cube=or&cube=1qx&cube=um4&cube=vc&cube=85d&cube=6si&cube=9s&cube=196&cube=bq7&cube=hy2&cube=6ul&cube=9od&cube=ju&cube=18x&cube=19s&cube=bir&cube=3ou&cube=1uj&cube=5nq&cube=bt&cube=24c&cube=bw0&cube=dhi&cube=mc&cube=cux&cube=1s&cube=dre&cube=6r2&cube=opp&cube=2b1&cube=1bh&cube=78g&cube=6f
Pop Quiz,3,2.3333333333333335,0.47842333648024415,/resources/cube-map/?cube=1hs&cube=6r2
Quandrix Pledgemage,3,2.3333333333333335,0.9428090415820634,/resources/cube-map/?cube=92t&cube=jvu
Introduction to Prophecy,3,2.3333333333333335,0.23570226039551584,/resources/cube-map/?cube=jvu&cube=1hs
Daemogoth Woe-Eater,6,2.3333333333333335,0.4109609335312651,/resources/cube-map/?cube=wt5&cube=1so&cube=f47&cube=6ul
Mascot Exhibition,3,2.3333333333333335,0.23570226039551584,/resources/cube-map/?cube=jvu&cube=1hs
Shadrix Silverquill,6,2.316666666666667,0.6841458583924598,/resources/cube-map/?cube=k70&cube=f47&cube=hm4&cube=uaf&cube=1hs
"Quintorius, Field Historian",3,2.3000000000000003,0.21602468994692867,/resources/cube-map/?cube=c4p
Pest Summoning,2,2.3,0.7,/resources/cube-map/?cube=jvu
Sedgemoor Witch,142,2.2943661971830984,0.4534336369114244,/resources/cube-map/?cube=bsk&cube=yn4&cube=jq&cube=5ar&cube=yo0&cube=djg&cube=j9&cube=v3v&cube=5xj&cube=6rc&cube=4ij&cube=9&cube=baq&cube=uzu&cube=lv1&cube=t7&cube=gll&cube=4qw&cube=wov&cube=1ou&cube=gf7&cube=mi&cube=7x&cube=7yt&cube=sc3&cube=95m&cube=rpx&cube=8n&cube=wt5&cube=3am&cube=7yk&cube=1so&cube=74x&cube=amh&cube=91q&cube=f47&cube=wf&cube=2ag&cube=1uy&cube=k4a&cube=1vv&cube=b8&cube=k8&cube=413&cube=hm4&cube=l9i&cube=kap&cube=1zl&cube=riz&cube=1su&cube=92t&cube=2le&cube=uaf&cube=m78&cube=69&cube=7b&cube=1b0&cube=6t1&cube=7c&cube=7g&cube=or&cube=1qx&cube=um4&cube=vc&cube=u86&cube=6si&cube=196&cube=bq7&cube=9p1&cube=25y&cube=6ul&cube=9od&cube=ju&cube=18x&cube=19s&cube=1hs&cube=bir&cube=1uj&cube=5nq&cube=uxz&cube=bt&cube=24c&cube=1mk&cube=bw0&cube=dhi&cube=mc&cube=me&cube=cux&cube=1s&cube=dre&cube=qk2&cube=opp&cube=2b1&cube=1bh&cube=78g&cube=7rs&cube=160&cube=6f
Decisive Denial,19,2.2736842105263158,0.537873106991209,/resources/cube-map/?cube=yo0&cube=j9&cube=5xj&cube=baq&cube=1ou&cube=1so&cube=92t&cube=uaf&cube=or&cube=k5a&cube=u86&cube=bq7&cube=1hs&cube=qk2
Symmetry Sage,12,2.2583333333333333,0.6061605031306111,/resources/cube-map/?cube=5ar&cube=j9&cube=5xj&cube=9&cube=4qw&cube=or&cube=u86&cube=6ul
Gnarled Professor,4,2.25,0.4330127018922193,/resources/cube-map/?cube=95m&cube=4gr&cube=1hs&cube=6r2
Fractal Summoning,2,2.25,0.75,/resources/cube-map/?cube=jvu&cube=1hs
Wandering Archaic // Explore the Vastlands,9,2.2444444444444445,0.5251689910265099,/resources/cube-map/?cube=1so&cube=f47&cube=lcq&cube=1s&cube=2j0&cube=160
Containment Breach,3,2.2333333333333334,0.5249338582674541,/resources/cube-map/?cube=1hs
Witherbloom Command,40,2.2075000000000005,0.5173912929302154,/resources/cube-map/?cube=bsk&cube=yo0&cube=j9&cube=5xj&cube=9&cube=uzu&cube=t7&cube=4qw&cube=1w1&cube=wov&cube=7x&cube=sc3&cube=wt5&cube=3am&cube=7yk&cube=t1i&cube=kq&cube=1vv&cube=b8&cube=k8&cube=l9i&cube=92t&cube=6t1&cube=or&cube=85d&cube=6si&cube=bt&cube=24c&cube=6f
Bayou Groff,1,2.2,0.0,/resources/cube-map/?cube=yo0
Moldering Karok,1,2.2,0.0,/resources/cube-map/?cube=
Clever Lumimancer,21,2.2,0.7010196655077312,/resources/cube-map/?cube=5ar&cube=yo0&cube=j9&cube=5xj&cube=9&cube=gll&cube=4qw&cube=wov&cube=8dt&cube=sc3&cube=wt5&cube=b8&cube=u86&cube=6f
Make Your Mark,5,2.2,0.7483314773547882,/resources/cube-map/?cube=jvu&cube=u86&cube=6ul&cube=7rs
Culmination of Studies,2,2.2,0.8,/resources/cube-map/?cube=yo0&cube=f47
Biblioplex Assistant,1,2.2,0.0,/resources/cube-map/?cube=7u
Igneous Inspiration,3,2.1999999999999997,0.5887840577551898,/resources/cube-map/?cube=kk7&cube=1hs
Quandrix Command,40,2.1900000000000004,0.47053161424074363,/resources/cube-map/?cube=ckt&cube=bsk&cube=jq&cube=yo0&cube=j9&cube=5xj&cube=1g&cube=4ij&cube=9&cube=uzu&cube=t7&cube=4qw&cube=1w1&cube=wov&cube=1ou&cube=7yk&cube=f47&cube=k8&cube=92t&cube=69&cube=1b0&cube=6t1&cube=or&cube=1qx&cube=um4&cube=19s&cube=1hs&cube=bt&cube=256&cube=bw0&cube=6f
Frostboil Snarl,5,2.18,0.41182520563948005,/resources/cube-map/?cube=yo0&cube=7u&cube=1vv&cube=hm4&cube=uaf
Beledros Witherbloom,5,2.18,0.6852736679604726,/resources/cube-map/?cube=1g&cube=lcq&cube=uaf
Dramatic Finale,4,2.175,0.49180788932265,/resources/cube-map/?cube=jvu&cube=j15&cube=7rs
Dragonsguard Elite,38,2.1684210526315795,0.5781573557240618,/resources/cube-map/?cube=jq&cube=5ar&cube=j9&cube=5xj&cube=9&cube=k70&cube=gll&cube=4qw&cube=wov&cube=1ou&cube=wt5&cube=t1i&cube=di1&cube=b8&cube=hm4&cube=kap&cube=92t&cube=uaf&cube=6t1&cube=or&cube=u86&cube=6ul&cube=qlo&cube=dhi&cube=1s&cube=160
Closing Statement,3,2.1666666666666665,0.38586123009300755,/resources/cube-map/?cube=yo0&cube=k70
Witherbloom Campus,2,2.15,0.45000000000000007,/resources/cube-map/?cube=3gh
Expanded Anatomy,4,2.125,0.21650635094610965,/resources/cube-map/?cube=jvu&cube=1hs
Mage Duel,2,2.1,0.9,/resources/cube-map/?cube=u86
Selfless Glyphweaver // Deadly Vanity,2,2.1,0.4,/resources/cube-map/?cube=yn4&cube=yo0
Culling Ritual,12,2.0916666666666663,0.5282965286865153,/resources/cube-map/?cube=jq&cube=j9&cube=9&cube=wt5&cube=b8&cube=uaf&cube=mc
Galazeth Prismari,22,2.090909090909091,0.5783275974025063,/resources/cube-map/?cube=yo0&cube=1g&cube=1ou&cube=rpx&cube=8n&cube=3am&cube=1so&cube=amh&cube=91q&cube=t1i&cube=di1&cube=lcq&cube=uaf&cube=m78&cube=69
Curate,37,2.0864864864864865,0.5348210926737429,/resources/cube-map/?cube=yo0&cube=3gh&cube=k70&cube=gll&cube=1so&cube=amh&cube=t1i&cube=di1&cube=k4a&cube=k8&cube=l9i&cube=c4p&cube=92t&cube=kk7&cube=69&cube=7g&cube=k5a&cube=um4&cube=6ul&cube=256&cube=bw0&cube=mc&cube=1s&cube=dre&cube=6r2
Rushed Rebirth,7,2.085714285714286,0.5792324266489512,/resources/cube-map/?cube=1g&cube=uzu&cube=91q&cube=f47&cube=k8&cube=uaf
Expressive Iteration,25,2.0680000000000005,0.36630042315017886,/resources/cube-map/?cube=djg&cube=j9&cube=5xj&cube=4ij&cube=9&cube=t7&cube=gll&cube=3am&cube=7yk&cube=74x&cube=b8&cube=k8&cube=l9i&cube=kk7&cube=um4&cube=6ul&cube=6r2&cube=78g
Silverquill Silencer,6,2.066666666666667,0.5878397362849466,/resources/cube-map/?cube=5xj&cube=wt5&cube=t1i&cube=uaf&cube=1s&cube=9bd
Ecological Appreciation,9,2.066666666666667,0.4546060565661952,/resources/cube-map/?cube=j9&cube=wt5&cube=1vv&cube=b8
Velomachus Lorehold,14,2.0642857142857145,0.541963550246618,/resources/cube-map/?cube=4ij&cube=rpx&cube=1vv&cube=uaf&cube=85d&cube=25y&cube=6ul&cube=qlo&cube=mc&cube=1bh
Torrent Sculptor // Flamethrower Sonata,5,2.06,0.34409301068170506,/resources/cube-map/?cube=yo0&cube=1g&cube=1so&cube=c4p
Quandrix Apprentice,20,2.0599999999999996,0.5562373594069352,/resources/cube-map/?cube=jq&cube=j9&cube=5xj&cube=9&cube=gll&cube=4qw&cube=1ou&cube=b8&cube=or&cube=1hs&cube=2j0&cube=dre
Fracture,21,2.057142857142858,0.5141534221383717,/resources/cube-map/?cube=j9&cube=5xj&cube=9&cube=pn9&cube=4qw&cube=8dt&cube=rpx&cube=wt5&cube=7yk&cube=91q&cube=k4a&cube=b8&cube=413&cube=riz&cube=2le&cube=uaf
Confront the Past,4,2.05,0.6873863542433759,/resources/cube-map/?cube=rpx&cube=wt5&cube=1hs
Magma Opus,6,2.05,0.5823801736552049,/resources/cube-map/?cube=uzu&cube=1so&cube=c4p
Efreet Flamepainter,3,2.033333333333333,0.6847546194724712,/resources/cube-map/?cube=7u&cube=wt5&cube=u86
Blade Historian,7,2.028571428571429,0.6605501726683939,/resources/cube-map/?cube=yo0&cube=jvu&cube=j15&cube=u86&cube=6ul
Reconstruct History,8,2.025,0.6015604707757982,/resources/cube-map/?cube=nw&cube=4ij&cube=uzu&cube=wt5&cube=c4p&cube=1hs
Venerable Warsinger,33,2.021212121212121,0.4828937870277955,/resources/cube-map/?cube=yo0&cube=pn9&cube=8n&cube=1so&cube=f47&cube=t1i&cube=di1&cube=1vv&cube=4gr&cube=k8&cube=hm4&cube=kap&cube=c4p&cube=1su&cube=92t&cube=uaf&cube=6ul&cube=1hs&cube=qlo&cube=f15&cube=mc&cube=1s&cube=6r2&cube=7rs
Professor of Symbology,10,2.02,0.589576118919347,/resources/cube-map/?cube=8dt&cube=95m&cube=1vv&cube=c4p&cube=1hs&cube=2j0&cube=6r2
Conspiracy Theorist,50,2.0039999999999996,0.511061640117902,/resources/cube-map/?cube=jq&cube=5ar&cube=j9&cube=nw&cube=1g&cube=9&cube=gll&cube=95m&cube=t1i&cube=di1&cube=k4a&cube=1vv&cube=k8&cube=l9i&cube=kap&cube=c4p&cube=1su&cube=92t&cube=kk7&cube=69&cube=j15&cube=7g&cube=or&cube=1qx&cube=9p1&cube=hy2&cube=6ul&cube=9od&cube=qlo&cube=256&cube=1s&cube=6r2&cube=2b1
"Jadzi, Oracle of Arcavios // Journey to the Oracle",3,2.0,0.408248290463863,/resources/cube-map/?cube=lcq
Mage Hunters' Onslaught,2,2.0,1.0,/resources/cube-map/?cube=6ul
Verdant Mastery,1,2.0,0.0,/resources/cube-map/?cube=
Basic Conjuration,2,2.0,0.5,/resources/cube-map/?cube=1hs
Cram Session,2,2.0,1.0,/resources/cube-map/?cube=jvu
Quandrix Campus,1,2.0,0.0,/resources/cube-map/?cube=
Big Play,1,2.0,0.0,/resources/cube-map/?cube=
Accomplished Alchemist,1,2.0,0.0,/resources/cube-map/?cube=f47
Professor's Warning,2,2.0,0.5,/resources/cube-map/?cube=u86
Spectacle Mage,1,2.0,0.0,/resources/cube-map/?cube=
Charge Through,1,2.0,0.0,/resources/cube-map/?cube=u86
Tanazir Quandrix,2,2.0,0.0,/resources/cube-map/?cube=f47
Waterfall Aerialist,1,2.0,0.0,/resources/cube-map/?cube=
Bookwurm,3,2.0,0.0,/resources/cube-map/?cube=1hs&cube=wxx
Shadewing Laureate,1,2.0,0.0,/resources/cube-map/?cube=
Square Up,2,2.0,1.0,/resources/cube-map/?cube=jvu&cube=6ul
Dream Strix,1,2.0,0.0,/resources/cube-map/?cube=1hs
Mercurial Transformation,2,2.0,0.0,/resources/cube-map/?cube=1hs
Eyetwitch,1,2.0,0.0,/resources/cube-map/?cube=1hs
Poet's Quill,4,2.0,0.5,/resources/cube-map/?cube=1su&cube=j15&cube=1hs
Bury in Books,1,2.0,0.0,/resources/cube-map/?cube=
"Kasmina, Enigma Sage",4,2.0,0.5873670062235365,/resources/cube-map/?cube=wt5
Humiliate,7,1.9857142857142858,0.596246764420263,/resources/cube-map/?cube=k70&cube=gll&cube=1so&cube=k5a&cube=1hs
Silverquill Command,9,1.9777777777777783,0.5072316538005922,/resources/cube-map/?cube=92t&cube=or&cube=u86&cube=1hs&cube=og8&cube=6r2
Lash of Malice,15,1.96,0.5523284047255461,/resources/cube-map/?cube=3gh&cube=j9&cube=8am&cube=k8&cube=92t&cube=or&cube=u86&cube=2b1&cube=78g&cube=6f
Semester's End,7,1.957142857142857,0.4836088822803073,/resources/cube-map/?cube=7u&cube=k70&cube=6ul
"Plargg, Dean of Chaos // Augusta, Dean of Order",30,1.9566666666666668,0.5219727536524829,/resources/cube-map/?cube=yo0&cube=nw&cube=gll&cube=1ou&cube=sc3&cube=95m&cube=k4a&cube=k8&cube=c4p&cube=kk7&cube=7g&cube=9od&cube=19s&cube=1hs&cube=qlo&cube=256&cube=dhi&cube=cux&cube=6r2&cube=opp&cube=2b1&cube=78g
"Valentin, Dean of the Vein // Lisette, Dean of the Root",15,1.9466666666666665,0.5795017016560194,/resources/cube-map/?cube=yo0&cube=1ou&cube=rpx&cube=wt5&cube=f47&cube=lcq&cube=hm4&cube=jni&cube=69
Zephyr Boots,7,1.9428571428571428,0.5972727131533392,/resources/cube-map/?cube=7u&cube=j15&cube=6ul&cube=1hs&cube=9bd
Leonin Lightscribe,43,1.9348837209302323,0.5084786798623191,/resources/cube-map/?cube=bsk&cube=jq&cube=5ar&cube=yo0&cube=1g&cube=9&cube=baq&cube=uzu&cube=gll&cube=4qw&cube=1ou&cube=8dt&cube=8n&cube=wt5&cube=1so&cube=di1&cube=1vv&cube=k8&cube=l9i&cube=kap&cube=1su&cube=92t&cube=1qx&cube=u86&cube=6ul&cube=9od&cube=1hs&cube=qlo&cube=256&cube=7rs&cube=6f
Blood Researcher,3,1.9333333333333333,0.16996731711975954,/resources/cube-map/?cube=
Oriq Loremage,6,1.9333333333333333,0.7249521056977183,/resources/cube-map/?cube=wt5&cube=1vv&cube=c4p
Radiant Scrollwielder,6,1.9333333333333333,0.3448026810929533,/resources/cube-map/?cube=wt5&cube=1vv&cube=qlo&cube=f15
Callous Bloodmage,38,1.9289473684210525,0.6052002255612521,/resources/cube-map/?cube=yo0&cube=j9&cube=5xj&cube=nw&cube=1g&cube=4ij&cube=9&cube=gll&cube=4qw&cube=1ou&cube=95m&cube=wt5&cube=1so&cube=91q&cube=f47&cube=b8&cube=riz&cube=1su&cube=92t&cube=kk7&cube=7g&cube=um4&cube=9s&cube=9od&cube=uxz&cube=256&cube=mc&cube=1s&cube=6r2&cube=2b1
"Mila, Crafty Companion // Lukka, Wayward Bonder",16,1.925,0.4437059837324712,/resources/cube-map/?cube=1g&cube=1ou&cube=rpx&cube=1so&cube=1vv&cube=c4p&cube=6si&cube=uxz&cube=2j0&cube=1bh
Lorehold Command,21,1.923809523809524,0.4689448763470544,/resources/cube-map/?cube=yo0&cube=1g&cube=1ou&cube=8dt&cube=95m&cube=wt5&cube=3am&cube=1vv&cube=1su&cube=or&cube=1hs&cube=qlo&cube=1s&cube=6r2
"Rowan, Scholar of Sparks // Will, Scholar of Frost",13,1.9230769230769231,0.5146378056516224,/resources/cube-map/?cube=yo0&cube=j9&cube=1g&cube=9&cube=wov&cube=1ou&cube=8dt&cube=wt5&cube=b8&cube=uxz&cube=2j0
Hall of Oracles,10,1.92,0.5173006862551026,/resources/cube-map/?cube=k70&cube=uzu&cube=f47&cube=k5a&cube=f15
"Shaile, Dean of Radiance // Embrose, Dean of Shadow",12,1.9166666666666663,0.5320296566504122,/resources/cube-map/?cube=yo0&cube=k70&cube=1ou&cube=rpx&cube=jni&cube=69&cube=257&cube=1hs&cube=256
"Zimone, Quandrix Prodigy",3,1.9000000000000001,0.3741657386773941,/resources/cube-map/?cube=nw&cube=wt5&cube=kk7
Storm-Kiln Artist,5,1.9,0.8,/resources/cube-map/?cube=7u&cube=wt5&cube=u86&cube=1hs
Dueling Coach,2,1.9,0.09999999999999998,/resources/cube-map/?cube=k70&cube=f47
Academic Dispute,2,1.9,0.09999999999999998,/resources/cube-map/?cube=1hs
Lorehold Campus,1,1.9,0.0,/resources/cube-map/?cube=
Strict Proctor,16,1.85625,0.553363296126514,/resources/cube-map/?cube=yo0&cube=nw&cube=gll&cube=rpx&cube=wt5&cube=k8&cube=uaf&cube=or&cube=wxx
Devastating Mastery,2,1.85,0.3500000000000001,/resources/cube-map/?cube=85d
Plumb the Forbidden,15,1.8466666666666667,0.419311605160437,/resources/cube-map/?cube=3gh&cube=wt5&cube=f47&cube=92t&cube=69&cube=25y&cube=257&cube=dhi&cube=dre&cube=7rs
Professor Onyx,11,1.8363636363636366,0.25324342322152943,/resources/cube-map/?cube=rpx&cube=1vv&cube=lcq&cube=hm4&cube=1su&cube=um4&cube=uxz&cube=1bh
Essence Infusion,3,1.8333333333333333,0.23570226039551584,/resources/cube-map/?cube=f47
Hunt for Specimens,3,1.8333333333333333,0.23570226039551584,/resources/cube-map/?cube=95m&cube=1hs
Introduction to Annihilation,3,1.8333333333333333,0.6236095644623235,/resources/cube-map/?cube=jvu&cube=1hs
Emergent Sequence,17,1.8294117647058825,0.5747272559093758,/resources/cube-map/?cube=3gh&cube=k70&cube=pn9&cube=95m&cube=4gr&cube=k8&cube=kap&cube=92t&cube=69&cube=k5a&cube=um4&cube=257
Hofri Ghostforge,15,1.8266666666666669,0.5012872319228657,/resources/cube-map/?cube=7u&cube=8n&cube=91q&cube=lcq&cube=c4p&cube=1su&cube=160
The Biblioplex,4,1.8250000000000002,0.7292976072907411,/resources/cube-map/?cube=wt5&cube=1vv
Star Pupil,7,1.8142857142857143,0.6577636818983622,/resources/cube-map/?cube=k70&cube=1so&cube=f47&cube=uaf
Tend the Pests,1,1.8,0.0,/resources/cube-map/?cube=2j0
Divide by Zero,3,1.8,0.6164414002968976,/resources/cube-map/?cube=6ul&cube=1hs
Daemogoth Titan,5,1.8,0.7042726744663604,/resources/cube-map/?cube=yo0&cube=1so&cube=jvu&cube=f15
"Uvilda, Dean of Perfection // Nassari, Dean of Expression",2,1.7999999999999998,0.6,/resources/cube-map/?cube=yo0&cube=1so
Sparring Regimen,6,1.7833333333333332,0.5209499869362594,/resources/cube-map/?cube=k70&cube=1hs&cube=2j0&cube=6r2
"Extus, Oriq Overlord // Awaken the Blood Avatar",17,1.7764705882352942,0.5504323560136275,/resources/cube-map/?cube=j9&cube=wov&cube=1ou&cube=wt5&cube=b8&cube=lcq&cube=hm4&cube=c4p&cube=1hs&cube=2j0&cube=7rs
Multiple Choice,41,1.773170731707317,0.5055904011920256,/resources/cube-map/?cube=bsk&cube=baq&cube=uzu&cube=4qw&cube=1ou&cube=wt5&cube=1so&cube=f47&cube=2ag&cube=kq&cube=1vv&cube=k8&cube=hm4&cube=92t&cube=uaf&cube=j15&cube=or&cube=um4&cube=bq7&cube=9p1&cube=6ul&cube=1uj&cube=uxz&cube=bt&cube=256&cube=dhi&cube=1s&cube=dre&cube=6r2&cube=opp
Archmage Emeritus,14,1.7714285714285716,0.6261316285946036,/resources/cube-map/?cube=yo0&cube=1g&cube=rpx&cube=wt5&cube=f47&cube=k5a&cube=25y&cube=cux&cube=160
Umbral Juke,5,1.7600000000000002,0.4363484845854286,/resources/cube-map/?cube=j9&cube=4qw&cube=1so&cube=1vv
Thunderous Orator,6,1.75,0.35939764421413045,/resources/cube-map/?cube=yo0&cube=3gh&cube=rpx&cube=1vv&cube=or&cube=6ul
Spiteful Squad,2,1.75,0.25,/resources/cube-map/?cube=k70
Illuminate History,2,1.75,0.25,/resources/cube-map/?cube=1vv&cube=1hs
Pestilent Cauldron // Restorative Burst,2,1.75,0.25,/resources/cube-map/?cube=c4p&cube=7rs
Study Break,2,1.75,0.25,/resources/cube-map/?cube=1hs
Flamescroll Celebrant // Revel in Silence,15,1.7466666666666664,0.5998518335574395,/resources/cube-map/?cube=1ou&cube=rpx&cube=wt5&cube=1uy&cube=1vv&cube=riz&cube=24c&cube=bw0&cube=1s&cube=dre&cube=78g
Solve the Equation,8,1.725,0.4437059837324712,/resources/cube-map/?cube=wt5&cube=uaf&cube=6ul
Detention Vortex,5,1.72,0.4874423042781576,/resources/cube-map/?cube=5ar&cube=yo0
Blot Out the Sky,16,1.71875,0.5558987655140099,/resources/cube-map/?cube=yo0&cube=nw&cube=1g&cube=1ou&cube=95m&cube=6ul&cube=1hs&cube=bt&cube=bw0&cube=1s&cube=2b1
Reject,10,1.7099999999999997,0.4276680956068619,/resources/cube-map/?cube=yo0&cube=9&cube=wt5&cube=di1&cube=c4p&cube=m78&cube=9od&cube=1s
Campus Guide,1,1.7,0.0,/resources/cube-map/?cube=7u
Double Major,5,1.7,0.2898275349237888,/resources/cube-map/?cube=wt5&cube=91q&cube=6ul
Environmental Sciences,5,1.7,0.4857983120596448,/resources/cube-map/?cube=k70&cube=92t&cube=jvu&cube=1hs
Silverquill Campus,1,1.7,0.0,/resources/cube-map/?cube=
Mentor's Guidance,2,1.7,0.30000000000000004,/resources/cube-map/?cube=
Frost Trickster,8,1.7,0.3807886552931954,/resources/cube-map/?cube=3gh&cube=nw&cube=92t&cube=25y&cube=9od&cube=1s
Devouring Tendrils,2,1.6500000000000001,0.55,/resources/cube-map/?cube=yo0
Ingenious Mastery,2,1.65,0.35,/resources/cube-map/?cube=uaf
Crackle with Power,2,1.65,0.15000000000000002,/resources/cube-map/?cube=uzu
Pillardrop Rescuer,2,1.65,0.15000000000000002,/resources/cube-map/?cube=nw&cube=7u
Resculpt,4,1.625,0.5448623679425842,/resources/cube-map/?cube=uaf&cube=1hs
Deadly Brew,5,1.6199999999999999,0.15999999999999998,/resources/cube-map/?cube=wt5&cube=92t&cube=or&cube=7rs
Flunk,6,1.6166666666666665,0.4058598553961973,/resources/cube-map/?cube=yo0&cube=1vv&cube=or&cube=u86
"Mavinda, Students' Advocate",6,1.6166666666666665,0.7080881928749335,/resources/cube-map/?cube=b8&cube=c4p&cube=69&cube=u86&cube=1hs
Crushing Disappointment,1,1.6,0.0,/resources/cube-map/?cube=
Beaming Defiance,2,1.6,0.4,/resources/cube-map/?cube=3gh
Necrotic Fumes,3,1.5999999999999999,0.32659863237109044,/resources/cube-map/?cube=wt5&cube=1hs
"Blex, Vexing Pest // Search for Blex",4,1.575,0.3344772040064913,/resources/cube-map/?cube=1ou&cube=1so
Fervent Mastery,3,1.5666666666666667,0.4921607686744468,/resources/cube-map/?cube=1vv&cube=uaf&cube=qlo
Maelstrom Muse,2,1.55,0.44999999999999996,/resources/cube-map/?cube=u86
Witherbloom Apprentice,4,1.5499999999999998,0.206155281280883,/resources/cube-map/?cube=k4a
Quandrix Cultivator,2,1.5499999999999998,0.35,/resources/cube-map/?cube=kk7
Sudden Breakthrough,3,1.5333333333333332,0.36817870057290863,/resources/cube-map/?cube=92t
Illustrious Historian,1,1.5,0.0,/resources/cube-map/?cube=
Heated Debate,2,1.5,0.5,/resources/cube-map/?cube=
Body of Research,1,1.5,0.0,/resources/cube-map/?cube=
Eager First-Year,1,1.5,0.0,/resources/cube-map/?cube=
Start from Scratch,1,1.5,0.0,/resources/cube-map/?cube=1hs
Aether Helix,1,1.5,0.0,/resources/cube-map/?cube=
Hall Monitor,3,1.5,0.0,/resources/cube-map/?cube=3gh&cube=8am
Overgrown Arch,1,1.5,0.0,/resources/cube-map/?cube=1hs
Field Trip,1,1.5,0.0,/resources/cube-map/?cube=1hs
Letter of Acceptance,1,1.5,0.0,/resources/cube-map/?cube=j15
Promising Duskmage,2,1.5,0.0,/resources/cube-map/?cube=k70
Secret Rendezvous,3,1.4666666666666668,0.36817870057290863,/resources/cube-map/?cube=f47&cube=uaf
Go Blank,6,1.45,0.24324199198877372,/resources/cube-map/?cube=yo0&cube=4gr
Specter of the Fens,1,1.4,0.0,/resources/cube-map/?cube=
Access Tunnel,2,1.4,0.20000000000000007,/resources/cube-map/?cube=3gh
Guiding Voice,3,1.3666666666666665,0.26246692913372704,/resources/cube-map/?cube=k70&cube=1hs
Tenured Inkcaster,2,1.35,0.15000000000000002,/resources/cube-map/?cube=6ul
First Day of Class,2,1.35,0.35,/resources/cube-map/?cube=k70
Mage Hunter,2,1.35,0.15000000000000002,/resources/cube-map/?cube=
Show of Confidence,5,1.34,0.27999999999999997,/resources/cube-map/?cube=yo0&cube=k70&cube=f47&cube=u86&cube=6ul
Pilgrim of the Ages,1,1.3,0.0,/resources/cube-map/?cube=7u
Fortifying Draught,2,1.3,0.19999999999999996,/resources/cube-map/?cube=f47
Stonebinder's Familiar,6,1.3,0.21602468994692867,/resources/cube-map/?cube=nw&cube=f47&cube=c4p&cube=or&cube=2b1&cube=7rs
"Kianne, Dean of Substance // Imbraham, Dean of Theory",3,1.2666666666666668,0.24944382578492946,/resources/cube-map/?cube=1ou&cube=1so
Arrogant Poet,3,1.2666666666666668,0.16996731711975946,/resources/cube-map/?cube=6ul
Expel,3,1.2666666666666666,0.20548046676563256,/resources/cube-map/?cube=
Teachings of the Archaics,2,1.25,0.25,/resources/cube-map/?cube=yo0&cube=1hs
Unwilling Ingredient,2,1.25,0.25,/resources/cube-map/?cube=yo0&cube=1hs
Team Pennant,4,1.225,0.2861380785564899,/resources/cube-map/?cube=yo0&cube=8am&cube=6ul
Augmenter Pugilist // Echoing Equation,4,1.225,0.3897114317029974,/resources/cube-map/?cube=yo0&cube=1ou&cube=1hs
Harness Infinity,1,1.2,0.0,/resources/cube-map/?cube=c4p
Reflective Golem,2,1.1,0.09999999999999998,/resources/cube-map/?cube=u86
Stonerise Spirit,2,1.1,0.09999999999999998,/resources/cube-map/?cube=nw
Mascot Interception,1,1.1,0.0,/resources/cube-map/?cube=yo0
Defend the Campus,1,1.0,0.0,/resources/cube-map/?cube=6ul
Burrog Befuddler,1,1.0,0.0,/resources/cube-map/?cube=6ul
Practical Research,1,1.0,0.0,/resources/cube-map/?cube=nw
Enthusiastic Study,1,1.0,0.0,/resources/cube-map/?cube=
Golden Ratio,1,1.0,0.0,/resources/cube-map/?cube=
Tome Shredder,1,1.0,0.0,/resources/cube-map/?cube=nw
